{
  "requests": 100,
  "concurrency": 10,
  "successRate": 0,
  "errorCount": 100,
  "p50Ms": 4.368200000000002,
  "p95Ms": 9.664299999999997,
  "p99Ms": 9.994399999999985,
  "timestamp": "2026-02-12T02:08:44.546Z"
}