{
  "iterations": 10000,
  "p50Ms": 0.0005000000000165983,
  "p95Ms": 0.0014999999999929514,
  "p99Ms": 0.002299999999991087,
  "timestamp": "2026-02-12T02:08:48.323Z"
}